phone,passord
a,123456
15960262793,123457
1596026279,123456
1.59603E+11,
2.59603E+11,123456
15960262793,12345
15960262793,1.23457E+20
15960262793,12345
2382328231@qq.com,12345
@#123456789,123456
#382328231@qq.com,123456
2382328231qq.com,123456
15960262793,123456ÎÒµÄ
5960262793,123456
15960262793,123456
15960262793,xxxx
1596026,12345
1.59603E+12,xxxx
@5960262793,xxxx
15960262793,54321
15960262793,
